{"cameraMode":{"drawMode":0,"name":"Shaded","section":"Shading Mode"},"sceneLighting":false,"audioPlay":false,"sceneViewState":{"showFog":true,"showMaterialUpdate":false,"showSkybox":false,"showFlares":true,"showImageEffects":true,"showParticleSystems":true},"in2DMode":false,"pivot":{"x":2.720276355743408,"y":1.351709008216858,"z":-0.31115391850471499},"rotation":{"x":0.4505498707294464,"y":0.0074990978464484219,"z":-0.003784597385674715,"w":0.8927131295204163},"size":8.755891799926758,"orthographic":true}