{"cameraMode":{"drawMode":0,"name":"Shaded","section":"Shading Mode"},"sceneLighting":false,"audioPlay":false,"sceneViewState":{"showFog":true,"showMaterialUpdate":false,"showSkybox":false,"showFlares":true,"showImageEffects":true,"showParticleSystems":true},"in2DMode":false,"pivot":{"x":-3.765566825866699,"y":0.6399999856948853,"z":-2.0736465454101564},"rotation":{"x":0.36067330837249758,"y":-0.2788664698600769,"z":0.1139448806643486,"w":0.8827047944068909},"size":13.810073852539063,"orthographic":false}